{"chunk_definitions":[{"row":34,"row_count":1,"visible":true,"expansion_state":0,"options":{"engine":"r","label":"unnamed-chunk-56"},"document_id":"7B020A84","chunk_id":"chff9xpcezvr8","chunk_label":"unnamed-chunk-1"},{"row":51,"row_count":1,"visible":true,"expansion_state":0,"options":{"engine":"r","label":"Example1_definefunctionandplot"},"document_id":"833F6117","chunk_id":"cpnora46g6pdz","chunk_label":"Example1_definefunctionandplot"},{"row":85,"row_count":1,"visible":true,"expansion_state":0,"options":{"engine":"r","label":"unnamed-chunk-7"},"document_id":"833F6117","chunk_id":"cqyy0drcu3ncv","chunk_label":"unnamed-chunk-2"},{"row":136,"row_count":1,"visible":true,"expansion_state":0,"options":{"engine":"r","label":"unnamed-chunk-3"},"document_id":"833F6117","chunk_id":"czb23jtt73iw5","chunk_label":"unnamed-chunk-5"}],"doc_write_time":1649087192,"chunk_rendered_width":400}