"0",""
"0","# Plot equation First - here, we will use plotly package."
"0",""
"0","library(plotly)"
"0",""
"0","x <- seq(-3,3,0.01) # define range in x values"
"0","y <- seq(-3,3,0.1) # define range in y values"
"0","FF <- meshgrid(x,y) # create grid of x,y pairs to evaluate"
"0","Z <- 2 + FF$X-FF$Y+2*FF$X^2+2*FF$X*FF$Y+FF$Y^2 # use grid to create Z values (3rd dimension)"
"0","fig <- plot_ly(z = Z, type = ""contour"", contours = list("
"0","    start = 0,"
"0","    end = 10,"
"0","    size = 0.5"
"0","  ))"
"0","fig"
