{"chunk_definitions":[{"row":34,"row_count":1,"visible":true,"expansion_state":0,"options":{"engine":"r","label":"unnamed-chunk-2"},"document_id":"7B020A84","chunk_id":"chff9xpcezvr8","chunk_label":"unnamed-chunk-1"},{"row":115,"row_count":1,"visible":true,"expansion_state":0,"options":{"engine":"r","label":"unnamed-chunk-7"},"document_id":"833F6117","chunk_id":"cntsj9ovcojsg","chunk_label":"unnamed-chunk-3"},{"row":128,"row_count":1,"visible":true,"expansion_state":0,"options":{"engine":"r","label":"unnamed-chunk-8"},"document_id":"833F6117","chunk_id":"cnbhl5zxv83e0","chunk_label":"unnamed-chunk-4"},{"row":136,"row_count":1,"visible":true,"expansion_state":0,"options":{"engine":"r","label":"unnamed-chunk-9"},"document_id":"833F6117","chunk_id":"czb23jtt73iw5","chunk_label":"unnamed-chunk-5"},{"row":151,"row_count":1,"visible":true,"expansion_state":0,"options":{"engine":"r","label":"Example1_definefunctionandplot"},"document_id":"833F6117","chunk_id":"c5of7wzw2wkc5","chunk_label":"Example1_definefunctionandplot"}],"doc_write_time":1649087402,"chunk_rendered_width":620}