{"chunk_definitions":[{"row":11,"row_count":1,"visible":true,"expansion_state":0,"options":{"engine":"r","label":"setup","include":false},"document_id":"727F4E83","chunk_id":"csetup_chunk","chunk_label":"setup"},{"row":48,"row_count":1,"visible":true,"expansion_state":0,"options":{"engine":"r","label":"example1"},"document_id":"727F4E83","chunk_id":"cudhgu1iumkxv","chunk_label":"example1"},{"row":66,"row_count":1,"visible":true,"expansion_state":0,"options":{"engine":"r","label":"example1"},"document_id":"28CE955C","chunk_id":"cg1mh1e3cy2oe","chunk_label":"example1"},{"row":85,"row_count":1,"visible":true,"expansion_state":0,"options":{"engine":"r","label":"example_2"},"document_id":"727F4E83","chunk_id":"czosv0xzuw5ej","chunk_label":"example_2"}],"doc_write_time":1648482904,"chunk_rendered_width":700,"working_dir":null,"default_chunk_options":{"echo":true}}